Year,Ave.
2020,257.5094
2019,255.657
2018,251.107
2017,245.12
2016,240.00799999999998
2015,237.017
2014,236.736
2013,232.957
2012,229.59400000000002
2011,224.93900000000002
2010,218.05599999999998
2009,214.537
2008,215.303
2007,207.342
